arquivo,slug,camel,categoria,decisao,uso
Accounting-Bill--Streamline-Ultimate.svg,accounting-bill,accountingBill,generico,new,
Actions-Authentication-Squares-Arrow--Streamline-Ultimate.svg,authentication,authentication,generico,new,Autenticação
Add--Streamline-Ultimate.svg,add,add,upgrade,upgrade,substitui add
Add-Square--Streamline-Ultimate.svg,add-square,addSquare,generico,new,
Ai-Email-Generator-Spark--Streamline-Ultimate.svg,ai-email-generator-spark,aiEmailGeneratorSpark,generico,new,
Ai-File-Spark--Streamline-Ultimate.svg,ai-file-spark,aiFileSpark,generico,new,
Ai-Folder-Spark--Streamline-Ultimate.svg,ai-folder-spark,aiFolderSpark,generico,new,
Ai-Landscape-Image-Spark--Streamline-Ultimate.svg,ai-landscape-image-spark,aiLandscapeImageSpark,generico,new,
Ai-Map-Generating-Spark--Streamline-Ultimate.svg,ai-map-generating-spark,aiMapGeneratingSpark,generico,new,
Ai-Prompt-Spark--Streamline-Ultimate.svg,ai-prompt-spark,aiPromptSpark,generico,new,
Ai-Tagging-Spark--Streamline-Ultimate.svg,ai-tagging-spark,aiTaggingSpark,generico,new,
Ai-Upscale-Spark--Streamline-Ultimate.svg,ai-upscale-spark,aiUpscaleSpark,generico,new,
Ai-Video-Camera-Spark--Streamline-Ultimate.svg,ai-video-camera-spark,aiVideoCameraSpark,generico,new,
Ai-Video-Spark--Streamline-Ultimate.svg,ai-video-spark,aiVideoSpark,generico,new,
Airplane-Mode-Phone--Streamline-Ultimate.svg,airplane-mode-phone,airplaneModePhone,generico,new,
Airplane-Plane-Mode--Streamline-Ultimate.svg,airplane-plane-mode,airplanePlaneMode,generico,new,
Alarm-Bell--Streamline-Ultimate.svg,bell,bell,upgrade,upgrade,substitui bell
Alarm-Bell-Check--Streamline-Ultimate.svg,bell-check,bellCheck,generico,new,
Alarm-Bell-Cog-Setting--Streamline-Ultimate.svg,bell-cog-setting,bellCogSetting,generico,new,
Alarm-Bell-Disable--Streamline-Ultimate.svg,bell-disable,bellDisable,generico,new,
Alarm-Bell-Off--Streamline-Ultimate.svg,bell-off,bellOff,generico,new,
Analytics-Bars--Streamline-Ultimate.svg,analytics-bars,analyticsBars,generico,new,
Analytics-Graph-Bar-1--Streamline-Ultimate.svg,analytics-graph-bar,analyticsGraphBar,generico,new,
Analytics-Pie-2--Streamline-Ultimate.svg,analytics-pie,analyticsPie,generico,new,
Android-1--Streamline-Ultimate.svg,android,android,generico,new,
App-Store-Logo--Streamline-Ultimate.svg,app-store-logo,appStoreLogo,generico,new,
App-Window--Streamline-Ultimate.svg,app-window,appWindow,generico,new,
App-Window-Check--Streamline-Ultimate.svg,app-window-check,appWindowCheck,generico,new,
App-Window-Clock--Streamline-Ultimate.svg,app-window-clock,appWindowClock,generico,new,
App-Window-Remove--Streamline-Ultimate.svg,app-window-remove,appWindowRemove,generico,new,
Apple-Logo--Streamline-Ultimate.svg,apple-logo,appleLogo,generico,new,
Apple-Pay--Streamline-Ultimate.svg,apple-pay,applePay,generico,new,
Archive--Streamline-Ultimate.svg,archive,archive,generico,new,
Arrange-Letter--Streamline-Ultimate.svg,arrange-letter,arrangeLetter,generico,new,
Arrange-Letter-Descending--Streamline-Ultimate.svg,arrange-letter-descending,arrangeLetterDescending,generico,new,
Arrange-Number--Streamline-Ultimate.svg,arrange-number,arrangeNumber,generico,new,
Arrange-Number-Descending--Streamline-Ultimate.svg,arrange-number-descending,arrangeNumberDescending,generico,new,
Arrow-Button-Down-1--Streamline-Ultimate.svg,arrow-button-down,arrowButtonDown,generico,new,
Arrow-Button-Left-1--Streamline-Ultimate.svg,arrow-button-left,arrowButtonLeft,generico,new,
Arrow-Button-Right-1--Streamline-Ultimate.svg,arrow-button-right,arrowButtonRight,generico,new,
Arrow-Button-Up-1--Streamline-Ultimate.svg,arrow-button-up,arrowButtonUp,generico,new,
Arrow-Circle-Down--Streamline-Ultimate.svg,arrow-circle-down,arrowCircleDown,generico,new,
Arrow-Circle-Left--Streamline-Ultimate.svg,arrow-circle-left,arrowCircleLeft,generico,new,
Arrow-Circle-Right--Streamline-Ultimate.svg,arrow-circle-right,arrowCircleRight,generico,new,
Arrow-Circle-Up--Streamline-Ultimate.svg,arrow-circle-up,arrowCircleUp,generico,new,
Arrow-Down--Streamline-Ultimate.svg,arrow-down,arrowDown,generico,new,
Arrow-Down-1--Streamline-Ultimate.svg,arrow-down-1,arrowDown1,generico,new,
Arrow-Left--Streamline-Ultimate.svg,arrow-left,arrowLeft,generico,new,
Arrow-Left-1--Streamline-Ultimate.svg,arrow-left-1,arrowLeft1,generico,new,
Arrow-Rectangle-Down--Streamline-Ultimate.svg,arrow-rectangle-down,arrowRectangleDown,generico,new,
Arrow-Rectangle-Left--Streamline-Ultimate.svg,arrow-rectangle-left,arrowRectangleLeft,generico,new,
Arrow-Rectangle-Right--Streamline-Ultimate.svg,arrow-rectangle-right,arrowRectangleRight,generico,new,
Arrow-Rectangle-Up--Streamline-Ultimate.svg,arrow-rectangle-up,arrowRectangleUp,generico,new,
Arrow-Right--Streamline-Ultimate.svg,arrow-right,arrowRight,generico,new,
Arrow-Right-1--Streamline-Ultimate.svg,arrow-right-1,arrowRight1,generico,new,
Arrow-Up--Streamline-Ultimate.svg,arrow-up,arrowUp,generico,new,
Arrow-Up-1--Streamline-Ultimate.svg,arrow-up-1,arrowUp1,generico,new,
Attach-Clipping-Add--Streamline-Ultimate.svg,attach-clipping-add,attachClippingAdd,generico,new,
Attach-Clipping-Remove--Streamline-Ultimate.svg,attach-clipping-remove,attachClippingRemove,generico,new,
Attachment--Streamline-Ultimate.svg,attachment,attachment,generico,new,
Audio-File--Streamline-Ultimate.svg,audio,audio,generico,new,
Audio-File-Add--Streamline-Ultimate.svg,audio-add,audioAdd,generico,new,
Audio-File-Cash--Streamline-Ultimate.svg,audio-cash,audioCash,generico,new,
Audio-File-Check--Streamline-Ultimate.svg,audio-check,audioCheck,generico,new,
Audio-File-Clock--Streamline-Ultimate.svg,audio-clock,audioClock,generico,new,
Audio-File-Disable--Streamline-Ultimate.svg,audio-disable,audioDisable,generico,new,
Audio-File-Download--Streamline-Ultimate.svg,audio-download,audioDownload,generico,new,
Audio-File-Edit--Streamline-Ultimate.svg,audio-edit,audioEdit,generico,new,
Audio-File-Information--Streamline-Ultimate.svg,audio-information,audioInformation,generico,new,
Audio-File-Lock--Streamline-Ultimate.svg,audio-lock,audioLock,generico,new,
Audio-File-Mp-3--Streamline-Ultimate.svg,audio-mp3,audioMp3,generico,new,
Audio-File-Question--Streamline-Ultimate.svg,audio-question,audioQuestion,generico,new,
Audio-File-Refresh--Streamline-Ultimate.svg,audio-refresh,audioRefresh,generico,new,
Audio-File-Remove--Streamline-Ultimate.svg,audio-remove,audioRemove,generico,new,
Audio-File-Search--Streamline-Ultimate.svg,audio-search,audioSearch,generico,new,
Audio-File-Settings--Streamline-Ultimate.svg,audio-settings,audioSettings,generico,new,
Audio-File-Share--Streamline-Ultimate.svg,audio-share,audioShare,generico,new,
Audio-File-Star--Streamline-Ultimate.svg,audio-star,audioStar,generico,new,
Audio-File-Subtract--Streamline-Ultimate.svg,audio-subtract,audioSubtract,generico,new,
Audio-File-Upload--Streamline-Ultimate.svg,audio-upload,audioUpload,generico,new,
Audio-File-Warning--Streamline-Ultimate.svg,audio-warning,audioWarning,generico,new,
Autopilot-Car-2--Streamline-Ultimate.svg,car-autopilot,carAutopilot,veiculo,new,Veículo autônomo/assistido
Avatar-Mine-Worker-Man--Streamline-Ultimate.svg,worker,worker,pessoas,new,Trabalhador de campo/instalador
Avatar-Soccer-Player--Streamline-Ultimate.svg,avatar-athlete,avatarAthlete,pessoas,new,Avatar atleta
Award-Badge-Star-1--Streamline-Ultimate.svg,award-badge-star,awardBadgeStar,generico,new,
Award-Medal-4--Streamline-Ultimate.svg,award-medal,awardMedal,generico,new,
Award-Trophy-Star-1--Streamline-Ultimate.svg,award-trophy-star,awardTrophyStar,generico,new,
Battery-Slash-No--Streamline-Ultimate.svg,battery-none,batteryNone,telemetria,new,Bateria desconectada
Bicycle--Streamline-Ultimate.svg,bicycle,bicycle,veiculo,new,Bicicleta
Bin-1--Streamline-Ultimate.svg,bin,bin,generico,new,
Bluetooth--Streamline-Ultimate.svg,bluetooth,bluetooth,conectividade,new,Bluetooth
Boat-Engine-1--Streamline-Ultimate.svg,boat,boat,veiculo,new,Embarcação
Book-Close-Bookmark--Streamline-Ultimate.svg,book-close-bookmark,bookCloseBookmark,generico,new,
Bookmark-3--Streamline-Ultimate.svg,bookmark,bookmark,generico,new,
Bookmark-Cancel-Delete--Streamline-Ultimate.svg,bookmark-cancel-delete,bookmarkCancelDelete,generico,new,
Building-1--Streamline-Ultimate.svg,building,building,generico,new,
Building-Cloudy--Streamline-Ultimate.svg,building-cloudy,buildingCloudy,generico,new,
Buildings-Modern--Streamline-Ultimate.svg,buildings-modern,buildingsModern,generico,new,
Bus-School--Streamline-Ultimate.svg,bus-school,busSchool,veiculo,new,Ônibus escolar
Business-Contract-Approve--Streamline-Ultimate.svg,business-contract-approve,businessContractApprove,generico,new,
Business-Deal-Handshake--Streamline-Ultimate.svg,business-deal-handshake,businessDealHandshake,generico,new,
Button-Pause--Streamline-Ultimate.svg,pause,pause,upgrade,upgrade,substitui pause
Button-Play--Streamline-Ultimate.svg,play,play,upgrade,upgrade,substitui play
Button-Stop--Streamline-Ultimate.svg,stop,stop,upgrade,upgrade,substitui stop
Cable-Zip-Tie-1--Streamline-Ultimate.svg,cable-tie,cableTie,instalacao,new,Abraçadeira (instalação)
Calendar--Streamline-Ultimate.svg,calendar,calendar,upgrade,upgrade,substitui calendar
Calendar-Add-1--Streamline-Ultimate.svg,calendar-add,calendarAdd,generico,new,
Calendar-Cash-1--Streamline-Ultimate.svg,calendar-cash,calendarCash,generico,new,
Calendar-Check-1--Streamline-Ultimate.svg,calendar-check,calendarCheck,generico,new,
Calendar-Clock--Streamline-Ultimate.svg,calendar-clock,calendarClock,generico,new,
Calendar-Disable-1--Streamline-Ultimate.svg,calendar-disable,calendarDisable,generico,new,
Calendar-Favorite-1--Streamline-Ultimate.svg,calendar-favorite,calendarFavorite,generico,new,
Calendar-Search-1--Streamline-Ultimate.svg,calendar-search,calendarSearch,generico,new,
Calendar-Setting--Streamline-Ultimate.svg,calendar-setting,calendarSetting,generico,new,
Calendar-Warning--Streamline-Ultimate.svg,calendar-warning,calendarWarning,generico,new,
Car-Dashboard-Manual--Streamline-Ultimate.svg,dashboard-gear,dashboardGear,telemetria,new,Marcha/manual
Car-Dashboard-Speed--Streamline-Ultimate.svg,dashboard-speed,dashboardSpeed,telemetria,new,Cluster de velocidade
Car-Dashboard-Steering--Streamline-Ultimate.svg,dashboard-steering,dashboardSteering,telemetria,new,Direção/volante
Car-Tool-Battery--Streamline-Ultimate.svg,car-battery,carBattery,telemetria,new,Bateria do veículo
Car-Type-Hatchback--Streamline-Ultimate.svg,car-hatchback,carHatchback,veiculo,new,Tipo de veículo (hatch); junto de car
Carplay-Connect-Car--Streamline-Ultimate.svg,car-carplay,carCarplay,veiculo,new,Conexão CarPlay do veículo
Carplay-Connect-Rectangle--Streamline-Ultimate.svg,carplay-connect-rectangle,carplayConnectRectangle,generico,new,
Cd-Partition--Streamline-Ultimate.svg,cd-partition,cdPartition,generico,new,
Cellular-Network-3-G--Streamline-Ultimate.svg,cellular-3g,cellular3g,conectividade,new,Geração celular 3G
Cellular-Network-4-G--Streamline-Ultimate.svg,cellular-4g,cellular4g,conectividade,new,Geração celular 4G
Cellular-Network-5-G--Streamline-Ultimate.svg,cellular-5g,cellular5g,conectividade,new,Geração celular 5G
Certified-Diploma--Streamline-Ultimate.svg,certified-diploma,certifiedDiploma,generico,new,
Certified-Ribbon-1--Streamline-Ultimate.svg,certified-ribbon,certifiedRibbon,generico,new,
Charging-Battery-Almost-Full--Streamline-Ultimate.svg,battery-almost-full,batteryAlmostFull,telemetria,new,Nível de bateria
Charging-Battery-Empty-1--Streamline-Ultimate.svg,battery-empty,batteryEmpty,telemetria,new,Nível de bateria
Charging-Battery-Low-1--Streamline-Ultimate.svg,battery-low,batteryLow,telemetria,new,Nível de bateria
Charging-Battery-Medium--Streamline-Ultimate.svg,battery-medium,batteryMedium,telemetria,new,Nível de bateria
Check-1--Streamline-Ultimate.svg,check,check,upgrade,upgrade,substitui check
Check-2--Streamline-Ultimate.svg,check-2,check2,generico,new,
Check-Badge--Streamline-Ultimate.svg,check-badge,checkBadge,generico,new,
Circle-Pad-Finger--Streamline-Ultimate.svg,circle-pad-finger,circlePadFinger,generico,new,
Close--Streamline-Ultimate.svg,close,close,generico,new,
Close-Eyes--Streamline-Ultimate.svg,close-eyes,closeEyes,generico,new,
Coding-Apps-Website-Apps-Browser--Streamline-Ultimate.svg,app-browser,appBrowser,generico,new,App no navegador
Coding-Apps-Website-Apps-Smartphone--Streamline-Ultimate.svg,app-mobile,appMobile,generico,new,App mobile
Coding-Apps-Website-Web-Dev-Api-Cloud--Streamline-Ultimate.svg,api-cloud,apiCloud,generico,new,API na nuvem
Cog--Streamline-Ultimate.svg,cog,cog,ui,new,Engrenagem; junto de settings
Command-Button-Keyboard--Streamline-Ultimate.svg,keyboard-command,keyboardCommand,generico,new,Tecla de comando
Common-File-Stack--Streamline-Ultimate.svg,file-stack,fileStack,generico,new,
Common-File-Text--Streamline-Ultimate.svg,file-text,fileText,generico,new,
Common-File-Text-Add--Streamline-Ultimate.svg,file-text-add,fileTextAdd,generico,new,
Common-File-Text-Cash--Streamline-Ultimate.svg,file-text-cash,fileTextCash,generico,new,
Common-File-Text-Check--Streamline-Ultimate.svg,file-text-check,fileTextCheck,generico,new,
Common-File-Text-Clock--Streamline-Ultimate.svg,file-text-clock,fileTextClock,generico,new,
Common-File-Text-Disable--Streamline-Ultimate.svg,file-text-disable,fileTextDisable,generico,new,
Common-File-Text-Download--Streamline-Ultimate.svg,file-text-download,fileTextDownload,generico,new,
Common-File-Text-Edit--Streamline-Ultimate.svg,file-text-edit,fileTextEdit,generico,new,
Common-File-Text-Info--Streamline-Ultimate.svg,file-text-info,fileTextInfo,generico,new,
Common-File-Text-Lock--Streamline-Ultimate.svg,file-text-lock,fileTextLock,generico,new,
Common-File-Text-Question--Streamline-Ultimate.svg,file-text-question,fileTextQuestion,generico,new,
Common-File-Text-Refresh--Streamline-Ultimate.svg,file-text-refresh,fileTextRefresh,generico,new,
Common-File-Text-Remove--Streamline-Ultimate.svg,file-text-remove,fileTextRemove,generico,new,
Common-File-Text-Search--Streamline-Ultimate.svg,file-text-search,fileTextSearch,generico,new,
Common-File-Text-Settings--Streamline-Ultimate.svg,file-text-settings,fileTextSettings,generico,new,
Common-File-Text-Share--Streamline-Ultimate.svg,file-text-share,fileTextShare,generico,new,
Common-File-Text-Star--Streamline-Ultimate.svg,file-text-star,fileTextStar,generico,new,
Common-File-Text-Subtract--Streamline-Ultimate.svg,file-text-subtract,fileTextSubtract,generico,new,
Common-File-Text-Upload--Streamline-Ultimate.svg,file-text-upload,fileTextUpload,generico,new,
Common-File-Text-Warning--Streamline-Ultimate.svg,file-text-warning,fileTextWarning,generico,new,
Common-File-Upload--Streamline-Ultimate.svg,file-upload,fileUpload,upgrade,upgrade,substitui file-upload
Common-File-Warning--Streamline-Ultimate.svg,file-warning,fileWarning,generico,new,
Compass-Arrow--Streamline-Ultimate.svg,compass,compass,rastreio,new,Bússola/heading
Compass-Direction--Streamline-Ultimate.svg,compass-direction,compassDirection,rastreio,new,Direção/bearing
Computer-Ai-Spark--Streamline-Ultimate.svg,computer-ai-spark,computerAiSpark,generico,new,
Computer-Bug--Streamline-Ultimate.svg,computer-bug,computerBug,generico,new,
Computer-Chip--Streamline-Ultimate.svg,chip,chip,hardware,new,Chip do rastreador
Computer-Chip-Core--Streamline-Ultimate.svg,chip-core,chipCore,hardware,new,Núcleo/processador
Computer-Ram--Streamline-Ultimate.svg,computer-ram,computerRam,generico,new,
Contact-Us-Faq--Streamline-Ultimate.svg,contact-us-faq,contactUsFaq,generico,new,
Conversation-Chat-1--Streamline-Ultimate.svg,conversation-chat,conversationChat,generico,new,
Conversation-Chat-Text--Streamline-Ultimate.svg,conversation-chat-text,conversationChatText,generico,new,
Copy-Files--Streamline-Ultimate.svg,copy-files,copyFiles,generico,new,
Copy-Paste--Streamline-Ultimate.svg,paste,paste,ui,new,Colar (paste)
Credit-Card-1--Streamline-Ultimate.svg,credit-card,creditCard,generico,new,
Credit-Card-Check--Streamline-Ultimate.svg,credit-card-check,creditCardCheck,generico,new,
Credit-Card-Remove--Streamline-Ultimate.svg,credit-card-remove,creditCardRemove,generico,new,
Cruise-Control--Streamline-Ultimate.svg,cruise-control,cruiseControl,telemetria,new,Piloto automático
Cursor-Hand--Streamline-Ultimate.svg,cursor-hand,cursorHand,generico,new,
Cursor-Select-Circle--Streamline-Ultimate.svg,cursor-select-circle,cursorSelectCircle,generico,new,
Cursor-Select-Frame--Streamline-Ultimate.svg,cursor-select-frame,cursorSelectFrame,generico,new,
Cursor-Select-Frame-1--Streamline-Ultimate.svg,cursor-select-frame-1,cursorSelectFrame1,generico,new,
Dashcam-1--Streamline-Ultimate.svg,dashcam,dashcam,video,new,Câmera veicular
Data-Transfer-Diagonal--Streamline-Ultimate.svg,data-transfer-diagonal,dataTransferDiagonal,generico,new,
Data-Transfer-Square-Diagonal--Streamline-Ultimate.svg,data-transfer-square-diagonal,dataTransferSquareDiagonal,generico,new,
Database-2--Streamline-Ultimate.svg,database,database,generico,new,
Database-Check--Streamline-Ultimate.svg,database-check,databaseCheck,generico,new,
Database-Clock--Streamline-Ultimate.svg,database-clock,databaseClock,generico,new,
Database-Remove--Streamline-Ultimate.svg,database-remove,databaseRemove,generico,new,
Discount-Square--Streamline-Ultimate.svg,discount-square,discountSquare,generico,new,
Discussion-Converstion--Streamline-Ultimate.svg,discussion,discussion,generico,new,Discussão/conversa
Dislike-2--Streamline-Ultimate.svg,thumbs-down,thumbsDown,upgrade,upgrade,substitui thumbs-down
Download-Bottom--Streamline-Ultimate.svg,download-bottom,downloadBottom,generico,new,
Download-Square-3--Streamline-Ultimate.svg,download-square,downloadSquare,generico,new,
Drawer-Download--Streamline-Ultimate.svg,drawer-download,drawerDownload,generico,new,
Drawer-Upload--Streamline-Ultimate.svg,drawer-upload,drawerUpload,generico,new,
Duplicate-1--Streamline-Ultimate.svg,copy,copy,upgrade,upgrade,substitui copy
Duplicate-File--Streamline-Ultimate.svg,duplicate-file,duplicateFile,generico,new,
Earth-1--Streamline-Ultimate.svg,earth,earth,rastreio,new,Globo
Earth-Locate--Streamline-Ultimate.svg,earth-locate,earthLocate,rastreio,new,Posicionamento global
Earth-Search--Streamline-Ultimate.svg,earth-search,earthSearch,rastreio,new,Busca global
Email-Action-Add--Streamline-Ultimate.svg,email-add,emailAdd,generico,new,
Email-Action-Check--Streamline-Ultimate.svg,email-check,emailCheck,generico,new,
Email-Action-Clock--Streamline-Ultimate.svg,email-clock,emailClock,generico,new,
Email-Action-Disable--Streamline-Ultimate.svg,email-disable,emailDisable,generico,new,
Email-Action-Download-1--Streamline-Ultimate.svg,email-download,emailDownload,generico,new,
Email-Action-Edit--Streamline-Ultimate.svg,email-edit,emailEdit,generico,new,
Email-Action-Lock--Streamline-Ultimate.svg,email-lock,emailLock,generico,new,
Email-Action-Remove--Streamline-Ultimate.svg,email-remove,emailRemove,generico,new,
Email-Action-Reply-2--Streamline-Ultimate.svg,email-reply,emailReply,generico,new,
Email-Action-Search--Streamline-Ultimate.svg,email-search,emailSearch,generico,new,
Email-Action-Send-2--Streamline-Ultimate.svg,email-send,emailSend,generico,new,
Email-Action-Settings--Streamline-Ultimate.svg,email-settings,emailSettings,generico,new,
Email-Action-Share--Streamline-Ultimate.svg,email-share,emailShare,generico,new,
Email-Action-Star--Streamline-Ultimate.svg,email-star,emailStar,generico,new,
Email-Action-Subtract--Streamline-Ultimate.svg,email-subtract,emailSubtract,generico,new,
Email-Action-Upload-1--Streamline-Ultimate.svg,email-upload,emailUpload,generico,new,
Email-Action-Warning--Streamline-Ultimate.svg,email-warning,emailWarning,generico,new,
Email-Sending-Circle--Streamline-Ultimate.svg,email-sending-circle,emailSendingCircle,generico,new,
Engine-Temperature-Warning--Streamline-Ultimate.svg,engine-temperature,engineTemperature,telemetria,new,Alerta temperatura do motor
Envelope--Streamline-Ultimate.svg,envelope,envelope,generico,new,
Envelope-Letter--Streamline-Ultimate.svg,envelope-letter,envelopeLetter,generico,new,
Facebook-Logo-1--Streamline-Ultimate.svg,facebook-logo,facebookLogo,generico,new,
Factory-Building-3--Streamline-Ultimate.svg,factory-building,factoryBuilding,generico,new,
Filter-3--Streamline-Ultimate.svg,filter,filter,generico,new,
Filter-Off-3--Streamline-Ultimate.svg,filter-off,filterOff,generico,new,
Filter-Sort-Lines-Ascending--Streamline-Ultimate.svg,filter-sort-lines-ascending,filterSortLinesAscending,generico,new,
Filter-Sort-Lines-Descending--Streamline-Ultimate.svg,filter-sort-lines-descending,filterSortLinesDescending,generico,new,
Flag-1--Streamline-Ultimate.svg,flag,flag,viagem,new,Início/flag genérica
Flag-Plain-2--Streamline-Ultimate.svg,flag-plain-2,flagPlain2,generico,new,
Flag-Plain-3--Streamline-Ultimate.svg,flag-plain-3,flagPlain3,generico,new,
Flag-Triangle--Streamline-Ultimate.svg,flag-finish,flagFinish,viagem,new,Chegada/fim de trajeto
Flash-1--Streamline-Ultimate.svg,flash,flash,generico,new,
Flash-Drive--Streamline-Ultimate.svg,flash-drive,flashDrive,generico,new,
Flash-Off--Streamline-Ultimate.svg,flash-off,flashOff,generico,new,
Floppy-Disk--Streamline-Ultimate.svg,floppy-disk,floppyDisk,generico,new,
Flutter-Logo--Streamline-Ultimate.svg,flutter-logo,flutterLogo,generico,new,
Folder-Add--Streamline-Ultimate.svg,folder-add,folderAdd,generico,new,
Folder-Cash--Streamline-Ultimate.svg,folder-cash,folderCash,generico,new,
Folder-Check--Streamline-Ultimate.svg,folder-check,folderCheck,generico,new,
Folder-Clock--Streamline-Ultimate.svg,folder-clock,folderClock,generico,new,
Folder-Disable--Streamline-Ultimate.svg,folder-disable,folderDisable,generico,new,
Folder-Download--Streamline-Ultimate.svg,folder-download,folderDownload,generico,new,
Folder-Edit--Streamline-Ultimate.svg,folder-edit,folderEdit,generico,new,
Folder-Empty--Streamline-Ultimate.svg,folder-empty,folderEmpty,generico,new,
Folder-Image--Streamline-Ultimate.svg,folder-image,folderImage,generico,new,
Folder-Lock--Streamline-Ultimate.svg,folder-lock,folderLock,generico,new,
Folder-Media--Streamline-Ultimate.svg,folder-media,folderMedia,generico,new,
Folder-Media-1--Streamline-Ultimate.svg,folder-media-1,folderMedia1,generico,new,
Folder-Music--Streamline-Ultimate.svg,folder-music,folderMusic,generico,new,
Folder-Music-1--Streamline-Ultimate.svg,folder-music-1,folderMusic1,generico,new,
Folder-Question--Streamline-Ultimate.svg,folder-question,folderQuestion,generico,new,
Folder-Remove--Streamline-Ultimate.svg,folder-remove,folderRemove,generico,new,
Folder-Search--Streamline-Ultimate.svg,folder-search,folderSearch,generico,new,
Folder-Settings--Streamline-Ultimate.svg,folder-settings,folderSettings,generico,new,
Folder-Share--Streamline-Ultimate.svg,folder-share,folderShare,generico,new,
Folder-Star--Streamline-Ultimate.svg,folder-star,folderStar,generico,new,
Folder-Subtract--Streamline-Ultimate.svg,folder-subtract,folderSubtract,generico,new,
Folder-Text--Streamline-Ultimate.svg,folder-text,folderText,generico,new,
Folder-Upload--Streamline-Ultimate.svg,folder-upload,folderUpload,generico,new,
Folder-Warning--Streamline-Ultimate.svg,folder-warning,folderWarning,generico,new,
Follower-1--Streamline-Ultimate.svg,follower-1,follower1,generico,new,
Follower-2--Streamline-Ultimate.svg,follower-2,follower2,generico,new,
Following-1--Streamline-Ultimate.svg,following-1,following1,generico,new,
Following-2--Streamline-Ultimate.svg,following-2,following2,generico,new,
Gas-Load--Streamline-Ultimate.svg,fuel-level,fuelLevel,telemetria,new,Nível de combustível; junto de gas
Gauge-Dashboard--Streamline-Ultimate.svg,gauge,gauge,telemetria,new,Medidor genérico
Gauge-Dashboard-1--Streamline-Ultimate.svg,gauge-alt,gaugeAlt,telemetria,new,Medidor (variante)
Gift-Box-1--Streamline-Ultimate.svg,gift-box,giftBox,generico,new,
Gift-Square-With-Bow--Streamline-Ultimate.svg,gift-square-with-bow,giftSquareWithBow,generico,new,
Github-Logo-1--Streamline-Ultimate.svg,github-logo,githubLogo,generico,new,
Global-Warming-High-Temperature--Streamline-Ultimate.svg,temperature-warning,temperatureWarning,telemetria,new,Aquecimento/alerta temperatura
Go-Backward-10-Control--Streamline-Ultimate.svg,backward-10,backward10,midia,new,Voltar 10s
Go-Backward-15-Control--Streamline-Ultimate.svg,backward-15,backward15,midia,new,Voltar 15s
Go-Backward-30-Control--Streamline-Ultimate.svg,backward-30,backward30,midia,new,Voltar 30s
Go-Backward-45-Control--Streamline-Ultimate.svg,backward-45,backward45,midia,new,Voltar 45s
Go-Backward-5-Control--Streamline-Ultimate.svg,backward-5,backward5,midia,new,Voltar 5s
Go-Backward-60-Control--Streamline-Ultimate.svg,backward-60,backward60,midia,new,Voltar 60s
Go-Forward-10-Control--Streamline-Ultimate.svg,forward-10,forward10,midia,new,Avançar 10s
Go-Forward-15-Control--Streamline-Ultimate.svg,forward-15,forward15,midia,new,Avançar 15s
Go-Forward-30-Control--Streamline-Ultimate.svg,forward-30,forward30,midia,new,Avançar 30s
Go-Forward-45-Control--Streamline-Ultimate.svg,forward-45,forward45,midia,new,Avançar 45s
Go-Forward-5-Control--Streamline-Ultimate.svg,forward-5,forward5,midia,new,Avançar 5s
Go-Forward-60-Control--Streamline-Ultimate.svg,forward-60,forward60,midia,new,Avançar 60s
Golang-Logo--Streamline-Ultimate.svg,golang-logo,golangLogo,generico,new,
Google-Cast-Logo--Streamline-Ultimate.svg,google-cast-logo,googleCastLogo,generico,new,
Google-Pay--Streamline-Ultimate.svg,google-pay,googlePay,generico,new,
Gps-Location-Compass--Streamline-Ultimate.svg,gps-compass,gpsCompass,rastreio,new,Direção/fix GPS
Gps-Location-Phone--Streamline-Ultimate.svg,gps-phone,gpsPhone,rastreio,new,GPS via celular
Graduation-Hat--Streamline-Ultimate.svg,graduation-hat,graduationHat,generico,new,
Graph-Stats--Streamline-Ultimate.svg,graph-stats,graphStats,generico,new,
Graph-Stats-Square--Streamline-Ultimate.svg,graph-stats-square,graphStatsSquare,generico,new,
Hammer-Wrench--Streamline-Ultimate.svg,tools,tools,manutencao,new,Kit de ferramentas
Hand-Drag--Streamline-Ultimate.svg,hand-drag,handDrag,generico,new,
Hand-Pointer-Down--Streamline-Ultimate.svg,hand-pointer-down,handPointerDown,generico,new,
Hand-Pointer-Left--Streamline-Ultimate.svg,hand-pointer-left,handPointerLeft,generico,new,
Hand-Pointer-Right--Streamline-Ultimate.svg,hand-pointer-right,handPointerRight,generico,new,
Hardware-Nut--Streamline-Ultimate.svg,nut,nut,manutencao,new,Porca/hardware
Hardware-Nut-Round--Streamline-Ultimate.svg,nut-round,nutRound,manutencao,new,Porca redonda
Hardware-Nuts--Streamline-Ultimate.svg,nuts,nuts,manutencao,new,Porcas
Hardware-Nuts-Round--Streamline-Ultimate.svg,nuts-round,nutsRound,manutencao,new,Porcas redondas
Headphones--Streamline-Ultimate.svg,headphones,headphones,generico,new,
Headphones-Customer-Support--Streamline-Ultimate.svg,support,support,upgrade,upgrade,substitui support
Headphones-Customer-Support-Human-1--Streamline-Ultimate.svg,headphones-support,headphonesSupport,suporte,new,Atendimento humano
Heavy-Equipment-Mortar-Truck-1--Streamline-Ultimate.svg,truck-mixer,truckMixer,veiculo,new,Equipamento pesado / betoneira
Hierarchy-9--Streamline-Ultimate.svg,hierarchy,hierarchy,generico,new,
High-Speed-Train-2--Streamline-Ultimate.svg,train,train,veiculo,new,Trem
House-1--Streamline-Ultimate.svg,house,house,generico,new,
Hyperlink-3--Streamline-Ultimate.svg,hyperlink,hyperlink,generico,new,
Image-File-Add--Streamline-Ultimate.svg,image-add,imageAdd,generico,new,
Image-File-Check--Streamline-Ultimate.svg,image-check,imageCheck,generico,new,
Image-File-Clock--Streamline-Ultimate.svg,image-clock,imageClock,generico,new,
Image-File-Disable--Streamline-Ultimate.svg,image-disable,imageDisable,generico,new,
Image-File-Dollar--Streamline-Ultimate.svg,image-dollar,imageDollar,generico,new,
Image-File-Download--Streamline-Ultimate.svg,image-download,imageDownload,generico,new,
Image-File-Edit--Streamline-Ultimate.svg,image-edit,imageEdit,generico,new,
Image-File-Gif--Streamline-Ultimate.svg,image-gif,imageGif,generico,new,
Image-File-Info--Streamline-Ultimate.svg,image-info,imageInfo,generico,new,
Image-File-Jpg--Streamline-Ultimate.svg,image-jpg,imageJpg,generico,new,
Image-File-Landscape--Streamline-Ultimate.svg,image-landscape,imageLandscape,generico,new,
Image-File-Lock--Streamline-Ultimate.svg,image-lock,imageLock,generico,new,
Image-File-Png--Streamline-Ultimate.svg,image-png,imagePng,generico,new,
Image-File-Question--Streamline-Ultimate.svg,image-question,imageQuestion,generico,new,
Image-File-Refresh--Streamline-Ultimate.svg,image-refresh,imageRefresh,generico,new,
Image-File-Remove--Streamline-Ultimate.svg,image-remove,imageRemove,generico,new,
Image-File-Search--Streamline-Ultimate.svg,image-search,imageSearch,generico,new,
Image-File-Settings--Streamline-Ultimate.svg,image-settings,imageSettings,generico,new,
Image-File-Share--Streamline-Ultimate.svg,image-share,imageShare,generico,new,
Image-File-Star--Streamline-Ultimate.svg,image-star,imageStar,generico,new,
Image-File-Subtract--Streamline-Ultimate.svg,image-subtract,imageSubtract,generico,new,
Image-File-Svg--Streamline-Ultimate.svg,image-svg,imageSvg,generico,new,
Image-File-Upload--Streamline-Ultimate.svg,image-upload,imageUpload,generico,new,
Image-File-Warning--Streamline-Ultimate.svg,image-warning,imageWarning,generico,new,
Instagram-Logo-1--Streamline-Ultimate.svg,instagram-logo,instagramLogo,generico,new,
Junk-Mail-3--Streamline-Ultimate.svg,junk-mail,junkMail,generico,new,
Keyboard-Alt--Streamline-Ultimate.svg,keyboard-alt,keyboardAlt,generico,new,
Keyboard-Return--Streamline-Ultimate.svg,keyboard-return,keyboardReturn,generico,new,
Keyboard-Shift--Streamline-Ultimate.svg,keyboard-shift,keyboardShift,generico,new,
Layers--Streamline-Ultimate.svg,layers,layers,generico,new,
Layout-Dashboard--Streamline-Ultimate.svg,layout-dashboard,layoutDashboard,generico,new,
Layout-Dashboard-1--Streamline-Ultimate.svg,layout-dashboard-1,layoutDashboard1,generico,new,
Layout-Left--Streamline-Ultimate.svg,layout-left,layoutLeft,generico,new,
Layout-Module-1--Streamline-Ultimate.svg,layout-module-1,layoutModule1,generico,new,
Layout-Module-2--Streamline-Ultimate.svg,layout-module-2,layoutModule2,generico,new,
Layout-Right--Streamline-Ultimate.svg,layout-right,layoutRight,generico,new,
Legal-Scale-Document--Streamline-Ultimate.svg,legal-scale-document,legalScaleDocument,generico,new,
Light-Bulb-Shine--Streamline-Ultimate.svg,light-bulb-shine,lightBulbShine,generico,new,
Like-2--Streamline-Ultimate.svg,thumbs-up,thumbsUp,upgrade,upgrade,substitui thumbs-up
Link-Broken--Streamline-Ultimate.svg,link-broken,linkBroken,generico,new,
Linkedin-Logo--Streamline-Ultimate.svg,linkedin-logo,linkedinLogo,generico,new,
Linux-Logo--Streamline-Ultimate.svg,linux-logo,linuxLogo,generico,new,
Location-Off-Target--Streamline-Ultimate.svg,location-off,locationOff,rastreio,new,Sinal GPS perdido
Location-Target--Streamline-Ultimate.svg,location,location,rastreio,new,Localização atual
Location-Target-1--Streamline-Ultimate.svg,location-fixed,locationFixed,rastreio,new,Localização fixada
Lock-1--Streamline-Ultimate.svg,lock,lock,upgrade,upgrade,substitui lock
Lock-Unlock--Streamline-Ultimate.svg,lock-unlock,lockUnlock,generico,new,
Login-1--Streamline-Ultimate.svg,login-1,login1,generico,new,
Login-3--Streamline-Ultimate.svg,login-3,login3,generico,new,
Login-Key--Streamline-Ultimate.svg,login-key,loginKey,generico,new,
Login-Keys--Streamline-Ultimate.svg,login-keys,loginKeys,generico,new,
Logout-1--Streamline-Ultimate.svg,logout,logout,upgrade,upgrade,substitui logout
Logout-2--Streamline-Ultimate.svg,logout-2,logout2,generico,new,
Map-Marks--Streamline-Ultimate.svg,map-marks,mapMarks,mapa,new,Mapa com marcadores
Maps--Streamline-Ultimate.svg,maps,maps,mapa,new,Superfície de mapa; junto de map
Maps-Direction-Pin--Streamline-Ultimate.svg,map-direction,mapDirection,mapa,new,Rota/direção
Maps-Pin-1--Streamline-Ultimate.svg,map-marker,mapMarker,mapa,new,Marcador de mapa; junto de map-pin
Maps-Search--Streamline-Ultimate.svg,map-search,mapSearch,mapa,new,Busca no mapa
Mastercard-Logo--Streamline-Ultimate.svg,mastercard-logo,mastercardLogo,generico,new,
Meeting-Camera--Streamline-Ultimate.svg,meeting-camera,meetingCamera,video,new,Câmera de reunião
Meeting-Camera-Square--Streamline-Ultimate.svg,meeting-camera-square,meetingCameraSquare,video,new,Câmera de reunião (quadrado)
Megaphone--Streamline-Ultimate.svg,megaphone,megaphone,generico,new,
Messages-Bubble-Square--Streamline-Ultimate.svg,chat,chat,generico,new,
Messages-Bubble-Square-Add--Streamline-Ultimate.svg,chat-add,chatAdd,generico,new,
Messages-Bubble-Square-Check--Streamline-Ultimate.svg,chat-check,chatCheck,generico,new,
Messages-Bubble-Square-Disable--Streamline-Ultimate.svg,chat-disable,chatDisable,generico,new,
Messages-Bubble-Square-Download--Streamline-Ultimate.svg,chat-download,chatDownload,generico,new,
Messages-Bubble-Square-Edit--Streamline-Ultimate.svg,chat-edit,chatEdit,generico,new,
Messages-Bubble-Square-Forward--Streamline-Ultimate.svg,chat-forward,chatForward,generico,new,
Messages-Bubble-Square-Forward-All--Streamline-Ultimate.svg,chat-forward-all,chatForwardAll,generico,new,
Messages-Bubble-Square-Lock--Streamline-Ultimate.svg,chat-lock,chatLock,generico,new,
Messages-Bubble-Square-Remove--Streamline-Ultimate.svg,chat-remove,chatRemove,generico,new,
Messages-Bubble-Square-Search--Streamline-Ultimate.svg,chat-search,chatSearch,generico,new,
Messages-Bubble-Square-Settings--Streamline-Ultimate.svg,chat-settings,chatSettings,generico,new,
Messages-Bubble-Square-Share--Streamline-Ultimate.svg,chat-share,chatShare,generico,new,
Messages-Bubble-Square-Star--Streamline-Ultimate.svg,chat-star,chatStar,generico,new,
Messages-Bubble-Square-Subtract--Streamline-Ultimate.svg,chat-subtract,chatSubtract,generico,new,
Messages-Bubble-Square-Text--Streamline-Ultimate.svg,chat-text,chatText,generico,new,
Messages-Bubble-Square-Typing--Streamline-Ultimate.svg,chat-typing,chatTyping,generico,new,
Messages-Bubble-Square-Upload--Streamline-Ultimate.svg,chat-upload,chatUpload,generico,new,
Messages-Bubble-Square-Warning-Triangle--Streamline-Ultimate.svg,chat-warning-triangle,chatWarningTriangle,generico,new,
Microphone--Streamline-Ultimate.svg,microphone,microphone,generico,new,
Microphone-Off--Streamline-Ultimate.svg,microphone-off,microphoneOff,generico,new,
Microsoft-Logo--Streamline-Ultimate.svg,microsoft-logo,microsoftLogo,generico,new,
Mobile-Ai-Spark--Streamline-Ultimate.svg,mobile-ai-spark,mobileAiSpark,generico,new,
Mobile-Phone--Streamline-Ultimate.svg,mobile-phone,mobilePhone,generico,new,
Mobile-Phone-Horizontal--Streamline-Ultimate.svg,mobile-phone-horizontal,mobilePhoneHorizontal,generico,new,
Modern-Tv-Wide--Streamline-Ultimate.svg,modern-tv-wide,modernTvWide,generico,new,
Module--Streamline-Ultimate.svg,module,module,upgrade,upgrade,substitui module
Module-Puzzle--Streamline-Ultimate.svg,module-puzzle,modulePuzzle,generico,new,
Module-Three-1--Streamline-Ultimate.svg,module-three,moduleThree,generico,new,
Money-Wallet--Streamline-Ultimate.svg,money-wallet,moneyWallet,generico,new,
Multiple-Actions-Add--Streamline-Ultimate.svg,users-add,usersAdd,generico,new,
Multiple-Actions-Address--Streamline-Ultimate.svg,users-address,usersAddress,generico,new,
Multiple-Actions-Alarm--Streamline-Ultimate.svg,users-alarm,usersAlarm,generico,new,
Multiple-Actions-Block--Streamline-Ultimate.svg,users-block,usersBlock,generico,new,
Multiple-Actions-Cart--Streamline-Ultimate.svg,users-cart,usersCart,generico,new,
Multiple-Actions-Chat--Streamline-Ultimate.svg,users-chat,usersChat,generico,new,
Multiple-Actions-Check-1--Streamline-Ultimate.svg,users-check-1,usersCheck1,generico,new,
Multiple-Actions-Check-2--Streamline-Ultimate.svg,users-check-2,usersCheck2,generico,new,
Multiple-Actions-Coding--Streamline-Ultimate.svg,users-coding,usersCoding,generico,new,
Multiple-Actions-Credit-Card--Streamline-Ultimate.svg,users-credit-card,usersCreditCard,generico,new,
Multiple-Actions-Download--Streamline-Ultimate.svg,users-download,usersDownload,generico,new,
Multiple-Actions-Edit-1--Streamline-Ultimate.svg,users-edit,usersEdit,generico,new,
Multiple-Actions-Flag--Streamline-Ultimate.svg,users-flag,usersFlag,generico,new,
Multiple-Actions-Flash--Streamline-Ultimate.svg,users-flash,usersFlash,generico,new,
Multiple-Actions-Flight--Streamline-Ultimate.svg,users-flight,usersFlight,generico,new,
Multiple-Actions-Graduate--Streamline-Ultimate.svg,users-graduate,usersGraduate,generico,new,
Multiple-Actions-Heart--Streamline-Ultimate.svg,users-heart,usersHeart,generico,new,
Multiple-Actions-Home--Streamline-Ultimate.svg,users-home,usersHome,generico,new,
Multiple-Actions-Image--Streamline-Ultimate.svg,users-image,usersImage,generico,new,
Multiple-Actions-Information--Streamline-Ultimate.svg,users-information,usersInformation,generico,new,
Multiple-Actions-Key--Streamline-Ultimate.svg,users-key,usersKey,generico,new,
Multiple-Actions-Laptop--Streamline-Ultimate.svg,users-laptop,usersLaptop,generico,new,
Multiple-Actions-Location--Streamline-Ultimate.svg,users-location,usersLocation,generico,new,
Multiple-Actions-Lock--Streamline-Ultimate.svg,users-lock,usersLock,generico,new,
Multiple-Actions-Mail--Streamline-Ultimate.svg,users-mail,usersMail,generico,new,
Multiple-Actions-Mobilephone--Streamline-Ultimate.svg,users-mobile,usersMobile,generico,new,
Multiple-Actions-Money--Streamline-Ultimate.svg,users-money,usersMoney,generico,new,
Multiple-Actions-Monitor--Streamline-Ultimate.svg,users-monitor,usersMonitor,generico,new,
Multiple-Actions-Music--Streamline-Ultimate.svg,users-music,usersMusic,generico,new,
Multiple-Actions-Player--Streamline-Ultimate.svg,users-player,usersPlayer,generico,new,
Multiple-Actions-Question--Streamline-Ultimate.svg,users-question,usersQuestion,generico,new,
Multiple-Actions-Refresh--Streamline-Ultimate.svg,users-refresh,usersRefresh,generico,new,
Multiple-Actions-Remove--Streamline-Ultimate.svg,users-remove,usersRemove,generico,new,
Multiple-Actions-Setting--Streamline-Ultimate.svg,users-setting,usersSetting,generico,new,
Multiple-Actions-Share-1--Streamline-Ultimate.svg,users-share-1,usersShare1,generico,new,
Multiple-Actions-Share-2--Streamline-Ultimate.svg,users-share-2,usersShare2,generico,new,
Multiple-Actions-Shield--Streamline-Ultimate.svg,users-shield,usersShield,generico,new,
Multiple-Actions-Star--Streamline-Ultimate.svg,users-star,usersStar,generico,new,
Multiple-Actions-Subtract--Streamline-Ultimate.svg,users-subtract,usersSubtract,generico,new,
Multiple-Actions-Sync--Streamline-Ultimate.svg,users-sync,usersSync,generico,new,
Multiple-Actions-Text--Streamline-Ultimate.svg,users-text,usersText,generico,new,
Multiple-Actions-Time--Streamline-Ultimate.svg,users-time,usersTime,generico,new,
Multiple-Actions-Up-Down--Streamline-Ultimate.svg,users-up-down,usersUpDown,generico,new,
Multiple-Actions-Upload--Streamline-Ultimate.svg,users-upload,usersUpload,generico,new,
Multiple-Actions-Video--Streamline-Ultimate.svg,users-video,usersVideo,generico,new,
Multiple-Actions-View--Streamline-Ultimate.svg,users-view,usersView,generico,new,
Multiple-Actions-Warning--Streamline-Ultimate.svg,users-warning,usersWarning,generico,new,
Multiple-Actions-Wifi--Streamline-Ultimate.svg,users-wifi,usersWifi,generico,new,
Multiple-Neutral-1--Streamline-Ultimate.svg,users,users,pessoas,new,Múltiplos usuários
Multiple-Neutral-2--Streamline-Ultimate.svg,users-two,usersTwo,pessoas,new,Dois usuários
Multiple-Users-2--Streamline-Ultimate.svg,users-group,usersGroup,pessoas,new,Grupo de usuários
Multiple-Users-Network--Streamline-Ultimate.svg,users-network,usersNetwork,pessoas,new,Rede de usuários
Multiple-Users-Wifi--Streamline-Ultimate.svg,users-connection,usersConnection,pessoas,new,Usuários conectados
Music-Sound--Streamline-Ultimate.svg,music-sound,musicSound,generico,new,
Mute-Chat-2--Streamline-Ultimate.svg,mute-chat,muteChat,generico,new,
Navigation-Menu--Streamline-Ultimate.svg,menu,menu,ui,new,Menu de navegação (hambúrguer)
Navigation-Menu-Horizontal--Streamline-Ultimate.svg,menu-horizontal,menuHorizontal,ui,new,Menu (reticências horizontais)
Navigation-Menu-Vertical--Streamline-Ultimate.svg,menu-vertical,menuVertical,ui,new,Menu (reticências verticais)
Network-Navigation--Streamline-Ultimate.svg,network,network,rastreio,new,Rede/navegação
Network-Pin--Streamline-Ultimate.svg,network-pin,networkPin,rastreio,new,Nó de rede localizado
Network-Search--Streamline-Ultimate.svg,network-search,networkSearch,generico,new,
Nft-Profile-Picture--Streamline-Ultimate.svg,nft-profile-picture,nftProfilePicture,generico,new,
No-Gas-Station--Streamline-Ultimate.svg,fuel-empty,fuelEmpty,telemetria,new,Sem combustível/posto
Office-Building-Double--Streamline-Ultimate.svg,office-building-double,officeBuildingDouble,generico,new,
Office-Building-Tall-1--Streamline-Ultimate.svg,office-building-tall,officeBuildingTall,generico,new,
Office-Drawer--Streamline-Ultimate.svg,office-drawer,officeDrawer,generico,new,
Office-File-Doc-1--Streamline-Ultimate.svg,file-doc,fileDoc,generico,new,
Office-File-Pdf-1--Streamline-Ultimate.svg,file-pdf,filePdf,generico,new,
Office-File-Ppt-1--Streamline-Ultimate.svg,file-ppt,filePpt,generico,new,
Office-File-Text-Graph--Streamline-Ultimate.svg,file-text-graph,fileTextGraph,generico,new,
Office-File-Txt-1--Streamline-Ultimate.svg,file-txt,fileTxt,generico,new,
Office-File-Xls-1--Streamline-Ultimate.svg,file-xls,fileXls,generico,new,
Office-Folder--Streamline-Ultimate.svg,office-folder,officeFolder,generico,new,
Paginate-Filter-Camera--Streamline-Ultimate.svg,gallery-camera,galleryCamera,generico,new,
Paginate-Filter-Picture--Streamline-Ultimate.svg,gallery-picture,galleryPicture,generico,new,
Paginate-Filter-Video--Streamline-Ultimate.svg,gallery-video,galleryVideo,generico,new,
Parking-Brake-System--Streamline-Ultimate.svg,parking-brake,parkingBrake,telemetria,new,Freio de estacionamento
Pencil--Streamline-Ultimate.svg,pencil,pencil,generico,new,
Pencil-Write--Streamline-Ultimate.svg,pencil-write,pencilWrite,generico,new,
Performance-Decrease--Streamline-Ultimate.svg,performance-decrease,performanceDecrease,generico,new,
Performance-Increase--Streamline-Ultimate.svg,performance-increase,performanceIncrease,generico,new,
Phone--Streamline-Ultimate.svg,phone,phone,generico,new,
Phone-Action-At--Streamline-Ultimate.svg,phone-at,phoneAt,generico,new,
Phone-Action-Camera--Streamline-Ultimate.svg,phone-camera,phoneCamera,generico,new,
Phone-Action-Cash--Streamline-Ultimate.svg,phone-cash,phoneCash,generico,new,
Phone-Action-Check--Streamline-Ultimate.svg,phone-check,phoneCheck,generico,new,
Phone-Action-Clock--Streamline-Ultimate.svg,phone-clock,phoneClock,generico,new,
Phone-Action-Credit-Card--Streamline-Ultimate.svg,phone-credit-card,phoneCreditCard,generico,new,
Phone-Action-Data-Transfer--Streamline-Ultimate.svg,phone-data-transfer,phoneDataTransfer,generico,new,
Phone-Action-Disable--Streamline-Ultimate.svg,phone-disable,phoneDisable,generico,new,
Phone-Action-Download--Streamline-Ultimate.svg,phone-download,phoneDownload,generico,new,
Phone-Action-Edit--Streamline-Ultimate.svg,phone-edit,phoneEdit,generico,new,
Phone-Action-Email--Streamline-Ultimate.svg,phone-email,phoneEmail,generico,new,
Phone-Action-Flash--Streamline-Ultimate.svg,phone-flash,phoneFlash,generico,new,
Phone-Action-Image--Streamline-Ultimate.svg,phone-image,phoneImage,generico,new,
Phone-Action-Information--Streamline-Ultimate.svg,phone-information,phoneInformation,generico,new,
Phone-Action-Location--Streamline-Ultimate.svg,phone-location,phoneLocation,generico,new,
Phone-Action-Lock--Streamline-Ultimate.svg,phone-lock,phoneLock,generico,new,
Phone-Action-Music--Streamline-Ultimate.svg,phone-music,phoneMusic,generico,new,
Phone-Action-Navigation-Pin--Streamline-Ultimate.svg,phone-navigation-pin,phoneNavigationPin,generico,new,
Phone-Action-Play--Streamline-Ultimate.svg,phone-play,phonePlay,generico,new,
Phone-Action-Power-Switch--Streamline-Ultimate.svg,phone-power-switch,phonePowerSwitch,generico,new,
Phone-Action-Question--Streamline-Ultimate.svg,phone-question,phoneQuestion,generico,new,
Phone-Action-Refresh--Streamline-Ultimate.svg,phone-refresh,phoneRefresh,generico,new,
Phone-Action-Ring--Streamline-Ultimate.svg,phone-ring,phoneRing,generico,new,
Phone-Action-Search--Streamline-Ultimate.svg,phone-search,phoneSearch,generico,new,
Phone-Action-Settings--Streamline-Ultimate.svg,phone-settings,phoneSettings,generico,new,
Phone-Action-Share--Streamline-Ultimate.svg,phone-share,phoneShare,generico,new,
Phone-Action-Shield--Streamline-Ultimate.svg,phone-shield,phoneShield,generico,new,
Phone-Action-Star--Streamline-Ultimate.svg,phone-star,phoneStar,generico,new,
Phone-Action-Text--Streamline-Ultimate.svg,phone-text,phoneText,generico,new,
Phone-Action-Upload--Streamline-Ultimate.svg,phone-upload,phoneUpload,generico,new,
Phone-Action-Warning--Streamline-Ultimate.svg,phone-warning,phoneWarning,generico,new,
Phone-Action-Wifi--Streamline-Ultimate.svg,phone-wifi,phoneWifi,generico,new,
Phone-Flash-Light--Streamline-Ultimate.svg,phone-flash-light,phoneFlashLight,generico,new,
Phone-Type--Streamline-Ultimate.svg,phone-type,phoneType,generico,new,
Phone-Vibrate--Streamline-Ultimate.svg,phone-vibrate,phoneVibrate,generico,new,
Pie-Line-Graph--Streamline-Ultimate.svg,pie-line-graph,pieLineGraph,generico,new,
Pin--Streamline-Ultimate.svg,pin,pin,rastreio,new,Pino genérico; junto de map-pin
Play-Store-Logo--Streamline-Ultimate.svg,play-store-logo,playStoreLogo,generico,new,
Pliers--Streamline-Ultimate.svg,pliers,pliers,manutencao,new,Alicate
Power-Button--Streamline-Ultimate.svg,power,power,dispositivo,new,Ignição/energia
Print-Text--Streamline-Ultimate.svg,print-text,printText,generico,new,
Professions-Man-Telecommunicator--Streamline-Ultimate.svg,call-operator,callOperator,pessoas,new,Operador de central
Qr-Code--Streamline-Ultimate.svg,qr-code,qrCode,dispositivo,new,Provisionamento por QR
Qr-Code-Scan--Streamline-Ultimate.svg,qr-scan,qrScan,dispositivo,new,Escanear QR
Railroad-Locomotive-Cargo--Streamline-Ultimate.svg,train-cargo,trainCargo,veiculo,new,Trem de carga
Ranking-People-First--Streamline-Ultimate.svg,ranking-first,rankingFirst,pessoas,new,1º no ranking; junto de driver-ranking
Rating-Star--Streamline-Ultimate.svg,star,star,generico,new,
Rating-Star-1--Streamline-Ultimate.svg,star-1,star1,generico,new,
Rating-Star-Add--Streamline-Ultimate.svg,star-add,starAdd,generico,new,
Rating-Star-Check--Streamline-Ultimate.svg,star-check,starCheck,generico,new,
Rating-Star-Remove--Streamline-Ultimate.svg,star-remove,starRemove,generico,new,
Rating-Star-Square--Streamline-Ultimate.svg,star-square,starSquare,generico,new,
Rating-Star-Subtract--Streamline-Ultimate.svg,star-subtract,starSubtract,generico,new,
Rating-Star-Three--Streamline-Ultimate.svg,star-three,starThree,generico,new,
Rating-Star-Winner--Streamline-Ultimate.svg,star-winner,starWinner,generico,new,
Read-Email-At--Streamline-Ultimate.svg,read-email-at,readEmailAt,generico,new,
Read-Email-Letter--Streamline-Ultimate.svg,read-email-letter,readEmailLetter,generico,new,
Read-Email-Target--Streamline-Ultimate.svg,read-email-target,readEmailTarget,generico,new,
Receipt-Slip--Streamline-Ultimate.svg,receipt-slip,receiptSlip,generico,new,
Receipt-Slip-1--Streamline-Ultimate.svg,receipt-slip-1,receiptSlip1,generico,new,
Remove--Streamline-Ultimate.svg,cancel,cancel,ui,new,Cancelar / fechar (X)
Remove-Badge--Streamline-Ultimate.svg,remove-badge,removeBadge,generico,new,
Remove-Square--Streamline-Ultimate.svg,remove-square,removeSquare,generico,new,
Remove-Square-1--Streamline-Ultimate.svg,remove-square-1,removeSquare1,generico,new,
Reward-Claps-Hand-1--Streamline-Ultimate.svg,reward-claps-hand-1,rewardClapsHand1,generico,new,
Reward-Claps-Hand-3--Streamline-Ultimate.svg,reward-claps-hand-3,rewardClapsHand3,generico,new,
Reward-Stars-2--Streamline-Ultimate.svg,stars-2,stars2,generico,new,
Reward-Stars-3--Streamline-Ultimate.svg,stars-3,stars3,generico,new,
Reward-Stars-4--Streamline-Ultimate.svg,stars-4,stars4,generico,new,
Reward-Stars-5--Streamline-Ultimate.svg,stars-5,stars5,generico,new,
Road-Straight--Streamline-Ultimate.svg,road,road,viagem,new,Trecho de via
Road-Straight-1--Streamline-Ultimate.svg,road-alt,roadAlt,viagem,new,Trecho de via (variante)
Rotate--Streamline-Ultimate.svg,rotate,rotate,generico,new,
Satellite-1--Streamline-Ultimate.svg,satellite,satellite,rastreio,new,Satélite GPS
Satellite-Signal--Streamline-Ultimate.svg,satellite-signal,satelliteSignal,rastreio,new,Qualidade de sinal GPS
Scissors-2--Streamline-Ultimate.svg,scissors,scissors,generico,new,
Scooter-Sport--Streamline-Ultimate.svg,scooter,scooter,veiculo,new,Patinete/scooter
Scroll-Horizontal-1--Streamline-Ultimate.svg,scroll-horizontal,scrollHorizontal,generico,new,
Scroll-Vertical-1--Streamline-Ultimate.svg,scroll-vertical,scrollVertical,generico,new,
Sd-Card--Streamline-Ultimate.svg,sd-card,sdCard,conectividade,new,Armazenamento do dispositivo
Sea-Transport-Yacht--Streamline-Ultimate.svg,boat-yacht,boatYacht,veiculo,new,Iate
Search--Streamline-Ultimate.svg,search,search,upgrade,upgrade,substitui search
Search-Square--Streamline-Ultimate.svg,search-square,searchSquare,generico,new,
Send-Email--Streamline-Ultimate.svg,send-email,sendEmail,generico,new,
Send-Email-1--Streamline-Ultimate.svg,send-email-1,sendEmail1,generico,new,
Send-Email-2--Streamline-Ultimate.svg,send-email-2,sendEmail2,generico,new,
Server-2--Streamline-Ultimate.svg,server,server,generico,new,
Server-Check--Streamline-Ultimate.svg,server-check,serverCheck,generico,new,
Server-Clock--Streamline-Ultimate.svg,server-clock,serverClock,generico,new,
Server-Remove--Streamline-Ultimate.svg,server-remove,serverRemove,generico,new,
Share-1--Streamline-Ultimate.svg,share,share,generico,new,
Share-External-Link-1--Streamline-Ultimate.svg,share-external-link,shareExternalLink,generico,new,
Shipment--Streamline-Ultimate.svg,shipment,shipment,generico,new,
Shipment-Box--Streamline-Ultimate.svg,shipment-box,shipmentBox,generico,new,
Shipment-Check--Streamline-Ultimate.svg,shipment-check,shipmentCheck,generico,new,
Shipment-Clock--Streamline-Ultimate.svg,shipment-clock,shipmentClock,generico,new,
Shipment-Download--Streamline-Ultimate.svg,shipment-download,shipmentDownload,generico,new,
Shipment-Next--Streamline-Ultimate.svg,shipment-next,shipmentNext,generico,new,
Shipment-Previous--Streamline-Ultimate.svg,shipment-previous,shipmentPrevious,generico,new,
Shipment-Remove--Streamline-Ultimate.svg,shipment-remove,shipmentRemove,generico,new,
Shipment-Search--Streamline-Ultimate.svg,shipment-search,shipmentSearch,generico,new,
Shipment-Subtract--Streamline-Ultimate.svg,shipment-subtract,shipmentSubtract,generico,new,
Shipment-Upload--Streamline-Ultimate.svg,shipment-upload,shipmentUpload,generico,new,
Shipment-Warning--Streamline-Ultimate.svg,shipment-warning,shipmentWarning,generico,new,
Shipping-Logistic-Free-Shipping-Delivery-Container--Streamline-Ultimate.svg,free-shipping,freeShipping,generico,new,Frete grátis
Shop-1--Streamline-Ultimate.svg,shop,shop,generico,new,
Shopping-Bag--Streamline-Ultimate.svg,shopping-bag,shoppingBag,generico,new,
Shopping-Basket--Streamline-Ultimate.svg,shopping-basket,shoppingBasket,generico,new,
Shopping-Cart-1--Streamline-Ultimate.svg,shopping-cart,shoppingCart,generico,new,
Sign-Badge-Circle--Streamline-Ultimate.svg,sign-badge-circle,signBadgeCircle,generico,new,
Sign-Badge-Rectangular-Round--Streamline-Ultimate.svg,badge-sign,badgeSign,generico,new,Selo/assinatura
Signal-Full--Streamline-Ultimate.svg,signal-full,signalFull,conectividade,new,Sinal GSM cheio
Signal-Low--Streamline-Ultimate.svg,signal-low,signalLow,conectividade,new,Sinal GSM baixo
Signal-Medium--Streamline-Ultimate.svg,signal-medium,signalMedium,conectividade,new,Sinal GSM médio
Signal-No--Streamline-Ultimate.svg,signal-none,signalNone,conectividade,new,Sem sinal
Signal-Wave--Streamline-Ultimate.svg,signal,signal,conectividade,new,Sinal genérico
Sim-Card--Streamline-Ultimate.svg,sim-card,simCard,upgrade,upgrade,substitui sim-card
Single-Neutral--Streamline-Ultimate.svg,user,user,upgrade,upgrade,substitui user
Single-Neutral-Actions--Streamline-Ultimate.svg,user-actions,userActions,pessoas,new,Ações de usuário
Single-Neutral-Actions-Add--Streamline-Ultimate.svg,user-add,userAdd,generico,new,
Single-Neutral-Actions-Address--Streamline-Ultimate.svg,user-address,userAddress,generico,new,
Single-Neutral-Actions-Alarm--Streamline-Ultimate.svg,user-alarm,userAlarm,generico,new,
Single-Neutral-Actions-Block--Streamline-Ultimate.svg,user-block,userBlock,generico,new,
Single-Neutral-Actions-Cart--Streamline-Ultimate.svg,user-cart,userCart,generico,new,
Single-Neutral-Actions-Chat--Streamline-Ultimate.svg,user-chat,userChat,generico,new,
Single-Neutral-Actions-Check-1--Streamline-Ultimate.svg,user-check-1,userCheck1,generico,new,
Single-Neutral-Actions-Check-2--Streamline-Ultimate.svg,user-check-2,userCheck2,generico,new,
Single-Neutral-Actions-Coding--Streamline-Ultimate.svg,user-coding,userCoding,generico,new,
Single-Neutral-Actions-Credit-Card--Streamline-Ultimate.svg,user-credit-card,userCreditCard,generico,new,
Single-Neutral-Actions-Download--Streamline-Ultimate.svg,user-download,userDownload,generico,new,
Single-Neutral-Actions-Edit-1--Streamline-Ultimate.svg,user-edit,userEdit,generico,new,
Single-Neutral-Actions-Flag--Streamline-Ultimate.svg,user-flag,userFlag,generico,new,
Single-Neutral-Actions-Flash--Streamline-Ultimate.svg,user-flash,userFlash,generico,new,
Single-Neutral-Actions-Flight--Streamline-Ultimate.svg,user-flight,userFlight,generico,new,
Single-Neutral-Actions-Graduate--Streamline-Ultimate.svg,user-graduate,userGraduate,generico,new,
Single-Neutral-Actions-Heart--Streamline-Ultimate.svg,user-heart,userHeart,generico,new,
Single-Neutral-Actions-Home--Streamline-Ultimate.svg,user-home,userHome,generico,new,
Single-Neutral-Actions-Image--Streamline-Ultimate.svg,user-image,userImage,generico,new,
Single-Neutral-Actions-Information--Streamline-Ultimate.svg,user-information,userInformation,generico,new,
Single-Neutral-Actions-Key--Streamline-Ultimate.svg,user-key,userKey,generico,new,
Single-Neutral-Actions-Laptop--Streamline-Ultimate.svg,user-laptop,userLaptop,generico,new,
Single-Neutral-Actions-Location--Streamline-Ultimate.svg,user-location,userLocation,generico,new,
Single-Neutral-Actions-Lock--Streamline-Ultimate.svg,user-lock,userLock,generico,new,
Single-Neutral-Actions-Mail--Streamline-Ultimate.svg,user-mail,userMail,generico,new,
Single-Neutral-Actions-Mobilephone--Streamline-Ultimate.svg,user-mobile,userMobile,generico,new,
Single-Neutral-Actions-Money--Streamline-Ultimate.svg,user-money,userMoney,generico,new,
Single-Neutral-Actions-Monitor--Streamline-Ultimate.svg,user-monitor,userMonitor,generico,new,
Single-Neutral-Actions-Music--Streamline-Ultimate.svg,user-music,userMusic,generico,new,
Single-Neutral-Actions-Player--Streamline-Ultimate.svg,user-player,userPlayer,generico,new,
Single-Neutral-Actions-Question--Streamline-Ultimate.svg,user-question,userQuestion,generico,new,
Single-Neutral-Actions-Refresh--Streamline-Ultimate.svg,user-refresh,userRefresh,generico,new,
Single-Neutral-Actions-Remove--Streamline-Ultimate.svg,user-remove,userRemove,generico,new,
Single-Neutral-Actions-Setting--Streamline-Ultimate.svg,user-setting,userSetting,generico,new,
Single-Neutral-Actions-Share-1--Streamline-Ultimate.svg,user-share-1,userShare1,generico,new,
Single-Neutral-Actions-Share-2--Streamline-Ultimate.svg,user-share-2,userShare2,generico,new,
Single-Neutral-Actions-Shield--Streamline-Ultimate.svg,user-shield,userShield,generico,new,
Single-Neutral-Actions-Star--Streamline-Ultimate.svg,user-star,userStar,generico,new,
Single-Neutral-Actions-Subtract--Streamline-Ultimate.svg,user-subtract,userSubtract,generico,new,
Single-Neutral-Actions-Sync--Streamline-Ultimate.svg,user-sync,userSync,generico,new,
Single-Neutral-Actions-Text--Streamline-Ultimate.svg,user-text,userText,generico,new,
Single-Neutral-Actions-Time--Streamline-Ultimate.svg,user-time,userTime,generico,new,
Single-Neutral-Actions-Up-Down--Streamline-Ultimate.svg,user-up-down,userUpDown,generico,new,
Single-Neutral-Actions-Upload--Streamline-Ultimate.svg,user-upload,userUpload,generico,new,
Single-Neutral-Actions-Video--Streamline-Ultimate.svg,user-video,userVideo,generico,new,
Single-Neutral-Actions-View--Streamline-Ultimate.svg,user-view,userView,generico,new,
Single-Neutral-Actions-Warning--Streamline-Ultimate.svg,user-warning,userWarning,generico,new,
Single-Neutral-Actions-Wifi--Streamline-Ultimate.svg,user-wifi,userWifi,generico,new,
Single-Neutral-Focus--Streamline-Ultimate.svg,user-focus,userFocus,pessoas,new,Usuário em foco
Single-Neutral-Id-Card-1--Streamline-Ultimate.svg,driver-id,driverId,pessoas,new,ID do motorista; junto de driver
Single-Neutral-Id-Card-3--Streamline-Ultimate.svg,id-card,idCard,pessoas,new,Documento/ID
Slack-Logo--Streamline-Ultimate.svg,slack-logo,slackLogo,generico,new,
Slider-Horizontal-Alternative--Streamline-Ultimate.svg,slider-horizontal,sliderHorizontal,generico,new,Slider horizontal
Slider-Vertical-Alternative--Streamline-Ultimate.svg,slider-vertical,sliderVertical,generico,new,Slider vertical
Small-Office-Tall-Building--Streamline-Ultimate.svg,office-building,officeBuilding,generico,new,Prédio comercial
Smart-Tv-And-Phone--Streamline-Ultimate.svg,smart-tv-and-phone,smartTvAndPhone,generico,new,
Smart-Tv-Connection-Wifi--Streamline-Ultimate.svg,smart-tv-connection-wifi,smartTvConnectionWifi,generico,new,
Stopwatch--Streamline-Ultimate.svg,stopwatch,stopwatch,generico,new,
Study-Book--Streamline-Ultimate.svg,study-book,studyBook,generico,new,
Style-Three-Pin-Call--Streamline-Ultimate.svg,pin-call,pinCall,generico,new,
Style-Three-Pin-Camera--Streamline-Ultimate.svg,pin-camera,pinCamera,generico,new,
Style-Three-Pin-Direction-Arrow--Streamline-Ultimate.svg,pin-direction-arrow,pinDirectionArrow,generico,new,
Style-Three-Pin-Gear--Streamline-Ultimate.svg,pin-gear,pinGear,generico,new,
Style-Three-Pin-Movie-Reel--Streamline-Ultimate.svg,pin-movie-reel,pinMovieReel,generico,new,
Style-Three-Pin-Note--Streamline-Ultimate.svg,pin-note,pinNote,generico,new,
Style-Three-Pin-Parking--Streamline-Ultimate.svg,pin-parking,pinParking,generico,new,
Style-Three-Pin-Power-Button--Streamline-Ultimate.svg,pin-power-button,pinPowerButton,generico,new,
Style-Three-Pin-Search--Streamline-Ultimate.svg,pin-search,pinSearch,generico,new,
Style-Three-Pin-Unlock--Streamline-Ultimate.svg,pin-unlock,pinUnlock,generico,new,
Style-Two-Pin-Add--Streamline-Ultimate.svg,pin-add,pinAdd,generico,new,
Style-Two-Pin-Bolt--Streamline-Ultimate.svg,pin-bolt,pinBolt,generico,new,
Style-Two-Pin-Check--Streamline-Ultimate.svg,pin-check,pinCheck,generico,new,
Style-Two-Pin-Information--Streamline-Ultimate.svg,pin-information,pinInformation,generico,new,
Style-Two-Pin-Marker--Streamline-Ultimate.svg,pin-marker,pinMarker,generico,new,
Style-Two-Pin-Minus--Streamline-Ultimate.svg,pin-minus,pinMinus,generico,new,
Style-Two-Pin-Off-Map--Streamline-Ultimate.svg,pin-off-map,pinOffMap,generico,new,
Style-Two-Pin-Photography--Streamline-Ultimate.svg,pin-photography,pinPhotography,generico,new,
Style-Two-Pin-Question--Streamline-Ultimate.svg,pin-question,pinQuestion,generico,new,
Style-Two-Pin-Remove--Streamline-Ultimate.svg,pin-remove,pinRemove,generico,new,
Style-Two-Pin-Star--Streamline-Ultimate.svg,pin-star,pinStar,generico,new,
Style-Two-Pin-Warning--Streamline-Ultimate.svg,pin-warning,pinWarning,generico,new,
Subtract--Streamline-Ultimate.svg,remove,remove,upgrade,upgrade,substitui remove
Subtract-Square--Streamline-Ultimate.svg,subtract-square,subtractSquare,generico,new,
Surveillance-Camera--Streamline-Ultimate.svg,surveillance-camera,surveillanceCamera,video,new,Câmera de vigilância
Surveillance-Camera-Smartphone--Streamline-Ultimate.svg,surveillance-camera-phone,surveillanceCameraPhone,video,new,Vigilância via celular
Surveillance-Cctv--Streamline-Ultimate.svg,cctv,cctv,video,new,CFTV
Surveillance-Target--Streamline-Ultimate.svg,surveillance-target,surveillanceTarget,video,new,Câmera com alvo
Switch-Account-1--Streamline-Ultimate.svg,switch-account-1,switchAccount1,generico,new,
Switch-Account-3--Streamline-Ultimate.svg,switch-account-3,switchAccount3,generico,new,
Synchronize-Arrow-Clock--Streamline-Ultimate.svg,sync-clock,syncClock,generico,new,
Synchronize-Arrows-1--Streamline-Ultimate.svg,sync,sync,generico,new,
Synchronize-Arrows-Square-2--Streamline-Ultimate.svg,sync-square,syncSquare,generico,new,
Synchronize-Refresh-Arrow--Streamline-Ultimate.svg,synchronize-refresh-arrow,synchronizeRefreshArrow,generico,new,
Tags-Add--Streamline-Ultimate.svg,tags-add,tagsAdd,generico,new,
Tags-Check--Streamline-Ultimate.svg,tags-check,tagsCheck,generico,new,
Tags-Double--Streamline-Ultimate.svg,tags-double,tagsDouble,generico,new,
Tags-Favorite-Star--Streamline-Ultimate.svg,tags-favorite-star,tagsFavoriteStar,generico,new,
Tags-Minus--Streamline-Ultimate.svg,tags-minus,tagsMinus,generico,new,
Tags-Remove--Streamline-Ultimate.svg,tags-remove,tagsRemove,generico,new,
Tags-Search--Streamline-Ultimate.svg,tags-search,tagsSearch,generico,new,
Tags-Settings--Streamline-Ultimate.svg,tags-settings,tagsSettings,generico,new,
Target-Center--Streamline-Ultimate.svg,target,target,rastreio,new,Alvo/fix preciso
Task-List-Add-1--Streamline-Ultimate.svg,task-list-add,taskListAdd,generico,new,
Task-List-Check-2--Streamline-Ultimate.svg,task-list-check,taskListCheck,generico,new,
Task-List-Delete--Streamline-Ultimate.svg,task-list-delete,taskListDelete,generico,new,
Task-List-Plain-1--Streamline-Ultimate.svg,task-list-plain,taskListPlain,generico,new,
Technology-Iot-Electronics-Car--Streamline-Ultimate.svg,car-connected,carConnected,veiculo,new,Veículo conectado/telemetria
Technology-Iot-Electronics-Microchip--Streamline-Ultimate.svg,chip-iot,chipIot,hardware,new,Chip IoT
Technology-Robot-Head-6--Streamline-Ultimate.svg,technology-robot-head,technologyRobotHead,generico,new,
Telegram-Logo--Streamline-Ultimate.svg,telegram-logo,telegramLogo,generico,new,
Temperature-Snowflake--Streamline-Ultimate.svg,temperature-cold,temperatureCold,telemetria,new,Carga refrigerada
Temperature-Thermometer-High--Streamline-Ultimate.svg,temperature-high,temperatureHigh,telemetria,new,Temperatura alta
Temperature-Thermometer-Low--Streamline-Ultimate.svg,temperature-low,temperatureLow,telemetria,new,Temperatura baixa
Temperature-Thermometer-Medium--Streamline-Ultimate.svg,temperature-medium,temperatureMedium,telemetria,new,Temperatura média
Thunderbolt-Cable--Streamline-Ultimate.svg,cable,cable,instalacao,new,Cabo
Tiktok-Logo--Streamline-Ultimate.svg,tiktok-logo,tiktokLogo,generico,new,
Time-Clock-Circle--Streamline-Ultimate.svg,clock,clock,upgrade,upgrade,substitui clock
Time-Daily-1--Streamline-Ultimate.svg,time-daily,timeDaily,generico,new,
Time-Reverse--Streamline-Ultimate.svg,time-reverse,timeReverse,generico,new,
Timer--Streamline-Ultimate.svg,timer,timer,generico,new,
Tools-Screwdriver-1--Streamline-Ultimate.svg,screwdriver,screwdriver,manutencao,new,Chave de fenda
Tools-Wrench-2--Streamline-Ultimate.svg,wrench-alt,wrenchAlt,manutencao,new,Chave (variante)
Tools-Wrench-Screwdriver--Streamline-Ultimate.svg,tools-alt,toolsAlt,manutencao,new,Ferramentas (variante)
Travel-Paper-Plane--Streamline-Ultimate.svg,travel-paper-plane,travelPaperPlane,generico,new,
Tree-Chart-Organize--Streamline-Ultimate.svg,tree-chart-organize,treeChartOrganize,generico,new,
Trends-Hot-Flame--Streamline-Ultimate.svg,trends-hot-flame,trendsHotFlame,generico,new,
Trip-Distance--Streamline-Ultimate.svg,trip-distance,tripDistance,viagem,new,Distância de viagem
Trip-Road--Streamline-Ultimate.svg,trip-road,tripRoad,viagem,new,Rota da viagem
Truck-1--Streamline-Ultimate.svg,truck,truck,veiculo,new,Caminhão de carga
Tv-Flat-Screen--Streamline-Ultimate.svg,tv-flat-screen,tvFlatScreen,generico,new,
Upload-Bottom--Streamline-Ultimate.svg,upload-bottom,uploadBottom,generico,new,
Upload-Square-3--Streamline-Ultimate.svg,upload-square,uploadSquare,generico,new,
User-Family-Profile-Stacking--Streamline-Ultimate.svg,users-family,usersFamily,pessoas,new,Família/perfis
User-Network--Streamline-Ultimate.svg,user-network,userNetwork,generico,new,
User-Profile-Stacking--Streamline-Ultimate.svg,user-profile-stacking,userProfileStacking,generico,new,
Video-File-Add--Streamline-Ultimate.svg,video-add,videoAdd,generico,new,
Video-File-Check--Streamline-Ultimate.svg,video-check,videoCheck,generico,new,
Video-File-Clock--Streamline-Ultimate.svg,video-clock,videoClock,generico,new,
Video-File-Disable--Streamline-Ultimate.svg,video-disable,videoDisable,generico,new,
Video-File-Dollar--Streamline-Ultimate.svg,video-dollar,videoDollar,generico,new,
Video-File-Download--Streamline-Ultimate.svg,video-download,videoDownload,generico,new,
Video-File-Edit--Streamline-Ultimate.svg,video-edit,videoEdit,generico,new,
Video-File-Information--Streamline-Ultimate.svg,video-information,videoInformation,generico,new,
Video-File-Lock--Streamline-Ultimate.svg,video-lock,videoLock,generico,new,
Video-File-Mov--Streamline-Ultimate.svg,video-mov,videoMov,generico,new,
Video-File-Mp-4--Streamline-Ultimate.svg,video-mp4,videoMp4,generico,new,
Video-File-Play--Streamline-Ultimate.svg,video-play,videoPlay,generico,new,
Video-File-Question--Streamline-Ultimate.svg,video-question,videoQuestion,generico,new,
Video-File-Refresh--Streamline-Ultimate.svg,video-refresh,videoRefresh,generico,new,
Video-File-Remove--Streamline-Ultimate.svg,video-remove,videoRemove,generico,new,
Video-File-Search--Streamline-Ultimate.svg,video-search,videoSearch,generico,new,
Video-File-Settings--Streamline-Ultimate.svg,video-settings,videoSettings,generico,new,
Video-File-Share--Streamline-Ultimate.svg,video-share,videoShare,generico,new,
Video-File-Star--Streamline-Ultimate.svg,video-star,videoStar,generico,new,
Video-File-Subtract--Streamline-Ultimate.svg,video-subtract,videoSubtract,generico,new,
Video-File-Upload--Streamline-Ultimate.svg,video-upload,videoUpload,generico,new,
Video-File-Warning--Streamline-Ultimate.svg,video-warning,videoWarning,generico,new,
Video-Player--Streamline-Ultimate.svg,video-player,videoPlayer,video,new,Reprodução; junto de media-video
Video-Player-Cloud--Streamline-Ultimate.svg,video-player-cloud,videoPlayerCloud,video,new,Reprodução em nuvem
View-1--Streamline-Ultimate.svg,view,view,generico,new,
View-Off--Streamline-Ultimate.svg,view-off,viewOff,generico,new,
Vip-Crown-Queen-2--Streamline-Ultimate.svg,vip-crown-queen,vipCrownQueen,generico,new,
Visa-Logo--Streamline-Ultimate.svg,visa-logo,visaLogo,generico,new,
Voice-Id--Streamline-Ultimate.svg,voice-id,voiceId,pessoas,new,Identificação por voz
Volume-Control-Check--Streamline-Ultimate.svg,volume-check,volumeCheck,generico,new,
Volume-Control-Down--Streamline-Ultimate.svg,volume-down,volumeDown,generico,new,
Volume-Control-Down-2--Streamline-Ultimate.svg,volume-down-2,volumeDown2,generico,new,
Volume-Control-Full--Streamline-Ultimate.svg,volume-full,volumeFull,generico,new,
Volume-Control-Low--Streamline-Ultimate.svg,volume-low,volumeLow,generico,new,
Volume-Control-Medium--Streamline-Ultimate.svg,volume-medium,volumeMedium,generico,new,
Volume-Control-Mute--Streamline-Ultimate.svg,volume-mute,volumeMute,generico,new,
Volume-Control-Remove--Streamline-Ultimate.svg,volume-remove,volumeRemove,generico,new,
Volume-Control-Settings--Streamline-Ultimate.svg,volume-settings,volumeSettings,generico,new,
Volume-Control-Up--Streamline-Ultimate.svg,volume-up,volumeUp,generico,new,
Volume-Control-Up-2--Streamline-Ultimate.svg,volume-up-2,volumeUp2,generico,new,
Volume-Control-Warning--Streamline-Ultimate.svg,volume-warning,volumeWarning,generico,new,
Warehouse-Cart-Package--Streamline-Ultimate.svg,warehouse-cart-package,warehouseCartPackage,generico,new,
Warehouse-Storage-2--Streamline-Ultimate.svg,warehouse-storage,warehouseStorage,generico,new,
Webcam-1--Streamline-Ultimate.svg,webcam,webcam,video,new,Webcam
Whatsapp-Logo--Streamline-Ultimate.svg,whatsapp-logo,whatsappLogo,generico,new,
Wifi--Streamline-Ultimate.svg,wifi,wifi,conectividade,new,Wi-Fi
Wifi-Off--Streamline-Ultimate.svg,wifi-off,wifiOff,conectividade,new,Wi-Fi desligado
Wifi-Signal-1--Streamline-Ultimate.svg,wifi-signal-low,wifiSignalLow,conectividade,new,Wi-Fi sinal baixo
Wifi-Signal-4--Streamline-Ultimate.svg,wifi-signal-full,wifiSignalFull,conectividade,new,Wi-Fi sinal cheio
Workflow-Branch--Streamline-Ultimate.svg,workflow-branch,workflowBranch,generico,new,
Workflow-Scrum--Streamline-Ultimate.svg,workflow-scrum,workflowScrum,generico,new,
Wrench--Streamline-Ultimate.svg,wrench,wrench,manutencao,new,Manutenção/chave
Wrench-Double--Streamline-Ultimate.svg,wrench-double,wrenchDouble,manutencao,new,Chaves (par)
X-Logo-Twitter-Logo--Streamline-Ultimate.svg,x-logo-twitter-logo,xLogoTwitterLogo,generico,new,
Youtube-Clip-Logo--Streamline-Ultimate.svg,youtube-clip-logo,youtubeClipLogo,generico,new,
Zip-File--Streamline-Ultimate.svg,zip-file,zipFile,generico,new,
Zip-File-2--Streamline-Ultimate.svg,zip-file-2,zipFile2,generico,new,
Zoom-In--Streamline-Ultimate.svg,zoom-in,zoomIn,generico,new,
Zoom-Out--Streamline-Ultimate.svg,zoom-out,zoomOut,generico,new,
